number,title
987,"[채용][GFSK] Freight Forwarding Operation (신입, 정규직)"
986,[인턴][hy (한국야쿠르트)](주)hy 2026년 상반기 채용연계형 인턴 모집
985,[인턴][뱅크샐러드] 금융서비스 채용연계형 인턴십
984,[채용][MBC(상암)] IT 뉴스시스템(NPS) 단말관리 담당 채용
983,[인턴][헥토이노베이션] 날씨돌 영상 콘텐츠 기획 및 제작 인턴 채용
982,[채용][삼화페인트공업(주)] 신입/경력사원 채용
981,[인턴][동국씨엠] 2025 인턴/경력사원 채용
980,[채용][경농] 2026년 상반기 신입사원 채용
979,[채용][아머스포츠코리아] 26년도 신입사원 채용
978,[인턴][헤일리온코리아] 영업관리 인턴 (1Y) 채용
977,[채용][네조트주식회사] 일본(고베)근무 시스템 엔지니어 정사원 채용(전공무관)
976,[채용][한국로슈진단(주)] POC Specialist(정규직) 채용
975,[채용][한국로슈진단(주)] Sales Representative(정규직) 채용
974,[채용][램리서치코리아 ]2026 상반기 램리서치코리아 채용
973,"[채용][대학내일] 인사담당자(HRM), 마케팅(AE) 인턴/경력 채용"
972,[채용][aSSIST] 251205_직원 채용공고(박사 과정 수업 운영직)
971,[채용][(주)와이케이건기] 2026상반기 신규채용
970,[채용] 서경대학교 산학협력단 비교과 운영 담당직원 채용 공고
969,[채용][BGF리테일] 2026년 동계 채용연계형 인턴십 모집
968,[인턴][JTI코리아] 2026년 상반기 JTI Korea Traineeship 모집
967,[인턴][한국무역협회] 제27기 글로벌무역인턴십 참가자 모집
966,[채용][우리은행] 2026년 동계 체험형 인턴 채용
965,[채용][이제너두(주)] 각 부문(경영 / MD) 신입 채용
964,[채용][동아쏘시오그룹사] 용마로지스 각 부문별 신입 및 경력 채용
963,[채용][바텍] 2025 대규모 경력직 채용
962,[채용][(주)태준제약] 11월 각 부문별 수시채용
961,[인턴][카카오페이손해보험] 2026 채용연계형 인턴 모집
960,[채용][케이엘에이코리아] 2025 KLA 동계 CS엔지니어 인턴십 및 경력 엔지니어 채용
959,[채용][현대비앤지스틸] 계약직 및 인턴 채용
958,[인턴][토스] 25년도 2학기 Frontend Platform Assistant 모집
957,[채용][넥센타이어] 2025년 하반기 신입 공채(~11/30)
956,[채용][가천대길병원] 행정직(26년 2월 졸업예정자 대상)
955,[채용][코닝정밀소재] 대졸 엔지니어 및 경영지원직 신입 채용
954,[인턴][흥국생명보험] 2026년 흥국생명 인턴사원(채용연계형) 모집
953,[채용][주식회사 파네시아] AI 시스템 반도체 스타트업 파네시아 신입/경력직 엔지니어 채용 (상시채용)
952,[교육][대한상공회의소] 첨단산업·디지털 선도기업 아카데미 11월 훈련생 모집
951,[KT에이블스쿨] KT AIVLE SCHOOL 9기 모집
950,[채용][한국기계전기전자시험연구원] 2026년 상반기 신입 및 경력직원 채용
949,[채용][세아네트웍스] 2025 솔루션영업 경력직 채용
948,[채용][하만커넥티드서비시즈] 2025 HARMAN Verification Engineer 공개채용
947,[채용][한국리서치] 2026 상반기 공개채용
946,"[대학내일ES] HRD, 영상PD, 미디어플래너, 마케팅(AE), 내부감사 인턴/신입/경력 채용"
945,[채용][코닝정밀소재] 2025 대졸 신입 엔지니어/경영지원직 채용
944,[인턴][피코맥스(주)] 기술연구소 보조 인턴 채용
943,[채용][남해화학] 남해화학 신입사원 모집(사무직/영업직/기술직)
942,[인턴][넷마블네오] 2025년 넷마블네오 채용전환형 인턴십
941,[인턴][BGF리테일] 2026년 동계 전환형 인턴십 모집
940,[인턴][에어퍼스트] 2026년 각 부문 동계인턴 채용
939,[인턴][롯데건설] 롯데건설 신입사원 채용 인턴진형 (채용연계형)
938,[추천채용][Metanet 그룹] 2025년 채용전환형 인턴 채용(MetaPay 급여서비스 전문가)
937,[인턴][에어퍼스트] 2026년 각 부문 동계인턴 채용공고
936,[인턴][펄어비스] 2026 채용연계형 겨울 인턴십 모집
935,[채용][한국단자공업] 2026년도 신입사원 공개채용
934,[채용][MBC강원영동] 신입사원 모집
933,[채용][현대글로비스] 2025년 하반기 Connect GLOVIS 신입채용
932,[채용][오뚜기물류서비스] 본사 물류운영서비스팀 사원 채용
931,[채용][한국펀드파트너스(구 미래에셋펀드서비스)] 2026년 상반기 신입/경력사원 채용
930,[채용][현대오토에버] 2025년 하반기 신입사원 채용
929,[채용][교와한국해운(주)] 해운영업/영업관리/해운업무 정규직 채용
928,[채용][토스플레이스] Marketing Design Partner 채용
927,[채용][세메스] 2025년 하반기 세메스 신입사원 채용
926,[채용][삼성메디슨] 2025 하반기 3급 신입사원 채용
925,[채용][동진쎄미켐] 11월 정기 각 부문 인재 채용
924,[채용][(주)도루코] 2025 하반기 신입사원 채용
923,[채용][후성그룹]2026년 대졸 신입/경력사원 공개채용
922,[채용][아이패밀리SC(롬앤)] 2026년 신입 공채
921,[채용][제일약품] 영업 수시채용 (전국)
920,[채용][챌린저스] 뷰티 쇼핑 앱 신입 팀원 채용
919,[채용][아모레퍼시픽] 2026 상반기 신입사원 수시채용
918,[인턴][IBK기업은행] 2026년 동계 체험형 청년인턴 채용공고
917,"[채용][데일리앤코] 클럭, 몽제 수출입 담당자 채용"
916,[인턴][딜로이트 안진회계법인] 회계감사부문 AIS(계리 전문 조직) 인턴 채용
915,[채용][휴온스그룹] 2025년 휴온스그룹 로컬영업 신입사원 공개채용
914,[채용][린나이코리아(주)] 2025년 하반기 채용공고
913,[채용][KT P&M] 2025년 하반기 신입/경력 채용
912,[채용][한국선급] 2025년도 제2차 직원 채용
911,[인턴][딜로이트 컨설팅] 딜로이트컨설팅 HR(채용제도) 컨설팅 프로젝트 인턴 채용
910,[인턴][딜로이트 컨설팅] 딜로이트컨설팅 조직·인사 컨설팅 프로젝트 인턴 채용
909,[채용][동아쏘시오그룹사] 용마로지스 각 부문별 채용
908,[한국로슈진단] 진단검사사업팀 영업부 신입 채용
907,[채용][IBK신용정보] 2026년 상반기 종합관리직 채용 공고(~11/17)
906,[채용][신한캐피탈] 2025년 하반기 수시채용
905,[채용][네이버페이] 2025년 네이버페이 하반기 신입채용 모집
904,[채용][IBK투자증권] 2025년도 신입사원 공개채용
903,[인턴][딜로이트 컨설팅] 경영자문부문 Monitor Deloitte MA 프로젝트 인턴
902,[채용][(주)농심] 2025년 하반기 ㈜농심 채용공고
901,[채용][세스코] 2025년 하반기 전문영업직 신입 대규모 채용(전국)
900,[인턴][딜로이트 안진회계법인] T&T부문 정보보안 컨설팅 인턴
899,[설명회][Atlas Copco] Korea Engineer’s Day (채용설명회)
898,[채용][동아쏘시오그룹사] 용마로지스 TPL부문 정기 채용
897,[채용][아이센스] 2025년 하반기 신입/경력 대규모 채용
896,[채용][인바디] 2025 하반기 인바디 GBD 채용
895,[인턴][딜로이트 컨설팅] 경영자문부문 Monitor Deloitte MA 프로젝트 인턴
894,[채용][고려아연] 2025년 하반기 신입사원 채용
893,[채용][키움증권] 2025년 하반기 키움금융센터 정규직 채용
892,[채용][한국투자증권] FY2025 한국투자증권 하반기 업무직원 공채(신입사원 6급)
891,[채용][CJ올리브영] 2025 GLOBAL 외국인 신입사원 채용
890,[채용][아이리스브라이트] CEO Staff RA(Research Assistant) 채용
889,[채용][대한유화] 2025년 대졸 신입/경력사원 공개채용
888,[채용][신한라이프] 2025년 하반기 신입사원 채용 (~10/22)
887,[채용][GS글로벌] 2025년 하반기 신입사원 채용
886,[채용][계룡건설]2025년 하반기 신입/경력사원 채용(~10/20)
885,[채용][한미약품]2025년 하반기 한미그룹 공개채용
884,[채용][유신]2026년 신입사원 공채
883,[채용][(주)에스코컨설턴트] 경영지원 신입사원 채용
882,[채용][딜로이트 안진회계법인] 회계감사부문 AIS(계리 전문 조직) 신입 및 경력직 채용
881,[한국은행] 국제국 외환심사팀 사무보조원 채용(계약직)
880,[채용][LS증권]2025년 하반기 신입사원(채용전제형 인턴) 공채
879,[채용][KOTRA] 2025년 하반기 KOTRA 전문직 채용
878,[채용][계룡건설] 2025년 하반기 신입/경력사원 채용
877,[채용][한진] 2026 신입사원 채용
876,[채용][한솔케미칼] 2025 신입사원 채용 및 메타버스 설명회
875,[인턴][PTKOREA] 2026 상반기 대기업 신제품 글로벌 프로젝트 대규모 인턴 채용
874,[채용][SK AX] 2025 하반기 SK AX AI x Japan 채용연계형 인턴십
873,[채용][오리온] 2025년 하반기 (주)오리온 신입사원 채용
872,[채용][한국타이어앤테크놀로지] 2025년 하반기  Proactive Leaders 신입 채용
871,[채용][파수] 2025년 3차 신입 공개채용
870,[채용][이수그룹] 2025 이수그룹 신입 공개채용(~10/15(수) 10시까지
869,[채용][대우건설] 2025년 하반가 신입직원 채용
868,[채용][한독] 전문의약품 영업/마케팅 공채 및 직무별 수시채용
867,[호반그룹] 2026년 호반그룹 주니어 채용
866,[채용][현대캐피탈] 2025 신입사원 채용
865,[채용][토스페이먼츠] 운영 지원 주니어 마지막 하반기 공채
864,[인턴][웹젠] 2025년 하반기 웹젠 채용연계형 인턴 모집
863,[채용][원익그룹] 2025 원익그룹 신입사원 공개채용
862,[채용][한국은행] 외환심사팀 사무보조원 채용
861,[채용][현대자동차] 현대자동차 10월 신입 채용
860,[채용][한솔케미칼] 2025 신입사원 채용 및 메타버스 설명회
859,[채용][토스] Ads ML Engineer 신입 집중채용
858,[채용][지학사] 2025년 9월 수시채용
857,[채용][샬라샬라영어] 영어선생님 모집
856,[채용][서울신문] 수습사원(기자/미디어경영) 채용
855,[채용][NH농협생명] 2025년 하반기 5급 신규직원 채용
854,[채용][에스엘] 2025 하반기 신입ㆍ경력사원 공개채용
853,[채용][중앙경영연구원] 컨설팅사업본부 연구원 정규직 채용
852,[채용][부광약품] OCI그룹 2025년 하반기 영업직 (MR) 신입사원 채용
851,[채용][NH농협손해보험] 2025 하반기 신규직원 채용
850,[채용][한솔그룹] 2025 한솔그룹 신입사원 공개 채용
849,[채용][한화파워시스템] 2025 하반기 선박솔루션사업부 신입사원 채용
848,[동아쏘시오그룹사] 용마로지스 각 부문별 신입 및 경력 채용
847,[인턴][딜로이트 컨설팅] 경영자문부문 Monitor Deloitte 프로젝트 인턴
846,[채용][신세계그룹] 신세계센트럴 신입사원 모집
845,[채용][이마트] 이마트 신입사원 모집
844,[채용][롬앤] 플래그십 스토어(핑크오피스) 매니저
843,[채용][아이리스브라이트]콘텐츠 기획자(채용전환형 인턴) 채용
842,[채용][신세계그룹] 2026년 신입사원 채용
841,[채용] [CJ제일제당] 2025 하반기 CJ제일제당 식품/공통부문 신입사원 모집 (~9/24 17시까지)
840,[인턴][딜로이트 안진회계법인] 인재부 기획팀 Intern 채용
839,[인턴][NH투자증권] 2026년 PB직무 체험형 인턴 채용 및 온라인 채용설명회
838,[채용][GS칼텍스] 2025년 하반기 신입/경력사원 채용
837,[인턴][딜로이트 컨설팅] 경영자문부문 Monitor Deloitte MA 프로젝트 인턴
836,[채용][iM증권] 2025년 신입사원 채용
835,[채용][한화에어로스페이스] 2025년 하반기 신입사원 채용
834,[채용][HD현대] 25년 하반기 대졸 신입사원 모집
833,[채용][한화손해보험] 2025년 하반기 한화손해보험 신입사원 채용
832,[채용[KB손해보험] 2025년 하반기 4급 신입사원 공개채용
831,[채용][세아네트웍스] 2025 하반기 채용전제형 인턴 채용
830,[채용][한화솔루션] 2025년 신입 채용(케미칼 부문 / 큐셀 부문)
829,[채용][코스맥스] 2025년 하반기 코스맥스그룹 신입사원 채용&설명회
828,[채용][ASML Korea] 2025 하반기 ASML Korea 신입 채용
827,"[채용][딜로이트 안진회계법인] T&T부문 BCM,Risk Management,IT/DX 컨설팅(계약직)"
826,[채용][kt cloud] 2025년 9월 신입사원 공개채용
825,[인턴][FNS Inc.] 2026년 상반기 미국 인턴사원 채용
824,[인턴][주성엔지니어링(주)] 국책관리 인턴 채용
823,[채용][KB증권] 2025 KB증권 4급 신입직원 공개채용
822,[채용][풍산그룹] 2025 풍산그룹 신입사원 채용
821,[채용][현대모비스] 25년 하반기 신입 채용
820,[채용][딜로이트 안진회계법인] 경영자문부문 M&A2 생명과학 및 헬스케어 인턴/신입
819,[채용][CJ CGV] 2025 하반기 신입사원 모집
818,[채용][CJ올리브네트웍스] 2025 하반기 신입사원 모집
817,[채용][CJ제일제당] 2025 하반기 CJ제일제당 식품/공통부문 신입사원 모집
816,[인턴][딜로이트 컨설팅] 보험사 시스템 구축 프로젝트 인턴 채용
815,[채용][한국짐보리] 신입교사 채용
814,[채용][데일리앤코]클럭/ 몽제 패키지 디자이너 추가 채용
813,[인턴][페퍼앤솔트] 영업관리 채용전환형 인턴 채용공고
812,[채용][동아쏘시오그룹사] 용마로지스  CIS 부문 신입 채용
811,[채용][현대건설] 2025년 현대건설 신입사원 채용
810,[채용][카카오그룹] 2026년 신입크루 공채
809,[채용][(주)선진] 하림그룹 (주)선진 정규직 신입 채용
808,[채용][LS그룹] 신입/경력 수시 채용
807,[인턴][딜로이트 안진회계법인] 품질관리실 독립성 부서 단기 인턴 채용
806,[채용][KB라이프파트너스] 직원 공개채용
805,[설명회][에이피알] 2025 에이피알 글로벌 뷰티 마케터 신입 채용설명회
804,[인턴][딜로이트 컨설팅] 프로젝트 Research Assistant 인턴 채용
803,[채용][포스코] 2025년 포스코 대졸 신입사원 채용
802,[채용][포스코인터내셔널] 2025년 하반기 포스코인터내셔널 신입사원 채용
801,[인턴][넥슨컴퍼니]2025 넥슨컴퍼니 채용형 인턴십 <넥토리얼>
800,[채용][현대그룹] 2025 하반기 현대그룹 신입 매니저 채용
799,[채용][IBK기업은행] 2025년 2차 일반직원(정규직) 수시채용
798,[채용][기아] 2025년 하반기 집중 채용(~9/15(월) 13시까지)
797,[채용][라이나생명] 2025년 신입 공개 채용 (~9/19)
796,[채용][롯데그룹] 3·6·9·12 예측가능한 롯데그룹 채용 9월 공고 오픈 (9/3~)
795,[채용][하나은행] 2025년 하반기 하나은행 신입행원 채용(~9/17 18시)
794,[채용][세스코] 2025년 하반기 전문영업직 신입 대규모 채용
793,[채용][HL그룹] 2025 하반기 HL그룹 신입사원 채용 (~9/21)
792,[인턴][라이나생명보험] 대면영업교육팀 베트남 Young Talent 인턴십 프로그램
791,[채용][BGF로지스] 2025년 채용연계형 인턴 모집
790,[채용][한화그룹] 2025 한화그룹 기계/서비스 부문 핵심인재 채용
789,[채용][한국후지필름] 한국후지필름비즈니스이노베이션(주) 2025 하반기 채용
788,"[인턴][대학내일ES] 마케팅(AE), 콘텐츠 에디터 인턴 채용 및 오프라인 채용 상담회"
787,[인턴][한국생산성본부] 청년 일경험 한국지역난방공사 인턴 프로그램
786,[채용][LX인터내셔널] 2025년 하반기 신입사원 채용 (채용연계형 인턴십)
785,[채용][딜로이트 안진회계법인]회계감사부문 IT A&A 그룹 IT Specialist 신입 채용
784,[채용][금호석유화학그룹] 2025년 하반기 신입사원 공개채용
783,[채용][한화오션] 2025 하반기 한화오션 대규모 신입 채용
782,[채용][비나우] 비나우 신입 공채 1기 모집
781,[채용][뷰웍스] 2026 뷰웍스 대졸 신입 공채
780,[채용][한화에너지] 2025 하반기 채용전제형 인턴 채용
779,[채용][현대카드|현대커머셜] 2025년 신입 인재 모집
778,[채용][LIG넥스원] 2025년 하반기 LIG넥스원 채용
777,[채용][유니클로] 신입사원(UMC) 모집
776,[(주)두산] 2025년 하반기 신입사원·채용연계형 인턴·산학장학생 채용
775,[채용][한국투자증권] FY2025 한국투자증권 일반 공채(신입사원 5급)
774,[인턴][고용노동부X스나이퍼팩토리] 2025 마케팅 인턴십(8주) - AI 콘텐츠마케팅 미래내일 일경험 프로그램
773,[채용][한화시스템] 2025년 하반기 학/석사 신입사원 채용(방산부문)
772,[채용][LG전자] 2025년 하반기 신입사원 채용
771,[채용][에스원] 2025년 하반기 3급 신입사원 채용
770,[채용][과천도시공사] 2025년 일반직 및 업무직 직원 채용
769,[채용][삼성증권] 2025 하반기 신입사원 공개채용
768,"[인턴][오픈서베이] CX Crew(인턴십, 6개월) 채용"
767,[채용][주식회사 파네시아] 2025년 하반기 상시채용
766,[채용][삼성전기] 2025 하반기 삼성전기 3급 신입사원 채용
765,"[채용][IBK기업은행] 2025년 하반기 신입행원 공개채용 (~9/15, 10:00)"
764,[채용][딜로이트 안진회계법인] Integrated Finance Service Group 그룹 신입회계사 채용
763,[채용][삼성디스플레이] 2025년 하반기 3급 신입사원 채용
762,[인턴][한라홀딩스] 미국 텍사스법인 QC/QA 부문 인턴 사원 채용
761,[채용][삼성서울병원] 2025년 하반기 3급 신입사원 채용
760,[채용][삼성E&A] 2025 하반기 삼성E&A 3급 신입사원 채용
759,[채용][삼성카드] 2025 하반기 삼성카드 3급 신입사원 공개채용
758,[채용][IBK기업은행] 2025년 시간선택제 준정규직(장애·보훈) 채용
757,"[채용][쎄트렉아이] 2025 하반기 신입 채용, SI Future-Ship 모집"
756,[채용][한글과컴퓨터] 솔루션영업 직군 신입사원 채용
755,[채용][서울과학종합대학원] 서울과학종합대학원(aSSIST) 입학행정직 채용
754,[채용][티피씨인터넷] 일본 사업개발 매니저 채용
753,[인턴][성북구도시관리공단]청년인턴 채용공고
752,[채용][한국전력기술]2025년도 하반기 정규직 채용
751,[채용][한국교직원공제회] 2025년도 신입직원 채용공고
750,[채용][현대로템] 2025 현대로템 신입사원 집중 채용
749,[채용][동아쏘시오그룹사] 용마로지스 2025년 8월 각 부문별 신입 및 경력 채용
748,[채용][한국장학재단] 2025년 종합직 및 기간제근로자 채용 공고
747,[인턴][NEXIEN Inc.] 미국 본사 각 부문 인턴사원 채용
746,[채용][DSP㈜]2025년 하반기 R&D 연구개발 신입 채용
745,[인턴][DSP㈜] 2025년 하반기 인턴 모집
744,[인턴][Vigloo] 일본 콘텐츠 매니저 인턴 (채용시 마감)
743,[채용][MBC] 2025 MBC 신입사원 공개채용 (~9월 1일 16시까지 접수)
742,[인턴][딜로이트 컨설팅] 디지털 마케팅 전략 및 사업기획 프로젝트 인턴 모집
741,[채용][아이코어] 의료기기 Technical Service Engineer 채용
740,[채용][한국로슈진단]  Sales Representative 정규직 채용 공고
739,[채용][우리은행]2025년 우리은행 하반기 신입행원 채용
738,[인턴][AZIT] 산업인력공단 2025년 해외일경험(WELL) 지원사업 참여자 모집
737,[인턴][딜로이트 컨설팅] 글로벌 선도 모빌리티 해외법인 HR Cloud 시스템 구축 프로젝트 인턴
736,[채용][DB손해보험] 미국 하와이법인 언더라이팅 부문 인턴 사원 채용 (~08.25마감)
735,[채용][한국투자저축은행] 2025년 하반기 대졸 신입사원 공개채용
734,[인턴][오픈놀] 직무경험 프로그램 미니인턴(기획/마케팅/디자인 직무)
733,[채용][한글과컴퓨터]  재무 회계 신입 상시채용
732,[인턴][딜로이트컨설팅] 경영자문부문 Global Project/Research 인턴
731,[(주)케이티앤지] 2025년 KT&G 신입사원 채용
730,[채용][한미그룹] 각 부문별 수시채용
729,[인턴][DB증권] 2025년 대졸 신입사원 채용연계형 인턴사원 모집
728,[채용][BAT로스만스] 2025년 하반기 BAT 신입 채용
727,[교육][원티드] 포텐업 프론트·백엔드 개발 취업연계 교육
726,[인턴][딜로이트 안진회계법인] 경영자문부문 M&A2 단기 인턴
725,[채용][경기도] 2025년도 하반기 경기도 공공기관 통합채용
724,[채용][주성엔지니어링] 중견기업 재무·회계 신입 채용
723,[채용][뽀득] B2B 운영 담당 모집(신입)
722,[채용][포유스]일본대기업 3개사 신입직 채용공고
721,[인턴][42dot] 2025 하반기 채용 연계형 인턴십 (2025 Engineering Internship)
720,"[채용][대학내일ES] 마케팅(AE), 에디터, 디자이너 인턴/신입/경력 채용"
719,[채용][국제경영원]2025 한경협국제경영원 신입/경력 채용
718,[교육][네이버 커넥트재단] 2025년 부스트캠프 AI Tech 8기 모집
717,[채용][KT&G] 2025년 KT&G 신입사원 채용
716,[채용][전북특별자치도] 2025년 하반기 전북특별자치도 산하 공공기관 직원 통합채용
715,[채용][사조대림] 2025년 하반기 신입/경력 채용
714,[인턴][서울시 미래청년일자리] 제로웨이스트분야 2차 참여자 모집
713,[채용][LS그룹] 신입/경력 수시 채용
712,[인턴][미래청년일자리] 서울시 미래청년일자리사업 참여자 2차 모집
711,[채용][한국로슈진단] 정규직 채용 공고
710,[인턴][JK AD] 미래내일일경험사업 인턴형 신규 모집
709,[채용][아모레퍼시픽] 2025 하반기 신입사원 수시채용
708,[인턴][딜로이트컨설팅] 금융기관 디지털 전환·AI 활용 관련 프로젝트 인턴
707,[채용][MBC] IT인프라팀 계약직 채용
706,[채용][한국수력원자력] 2025년도 제3차 신입사원 (대졸수준 일반전형) 채용
705,[채용][aSSIST] 직원 채용공고(교육 운영직)
704,[채용][한국로슈진단] Sales Representative 정규직 채용
703,[인턴][해커스 교육그룹] 직원 전환형 인턴 채용
702,[채용][IBK신용정보] 2025년 IBK신용정보(주) 종합관리직 직원 채용
701,[채용][현대오토에버] 2025년 하반기 신입 개발자 집중 채용
700,"[인턴][챌린저스] 국내 사업부/ 일본 사업부 운영 인턴 (3개월,전환형)"
699,[인턴][메타코미디] 비즈니스 인턴십 공고
698,[채용][딜로이트 안진회계법인] 경영자문부문 부정조사 및 부정 예방 자문 전문 인력 계약직
697,[채용][한화에어로스페이스] 2025년 R&D 석/박사 산학장학생 채용
696,[인턴][새론오토모티브(주)] 영업팀 채용연계형 인턴 채용
695,[인턴][채널A] 2025 하반기 홍보/마케팅 업무 인턴 모집
694,[채용][서울과학종합대학원] 입학 행정직 교직원 채용
693,[채용][아리랑국제방송] 2025년 하반기 직원 채용
692,[채용][딜로이트 안진회계법인]회계감사부문 IT A&A 그룹 IT Specialist 신입 계약직(정규직 전환형)
691,[채용][아주미디어그룹] 2025년 공개채용
690,[채용][한글과컴퓨터] 2025년 3분기 한글과컴퓨터 채용
689,"[채용][한국대학교육협의회]2025년 9월 직원(무기직, 계약직) 신규채용"
688,[인턴][다우데이타]채용전제형 인턴 채용 (인턴십 기간 2개월)
687,[채용][디스코하이테크코리아]2025년 하반기 DISCO 부문별 수시채용
686,[인턴][딜로이트컨설팅] 경영자문부문 Monitor Deloitte M&A Unit 프로젝트 인턴
685,[인턴][보령]Global Investment Internship Program(GIIP) 인턴 채용 (~7/18)
684,[인턴][Manpower] 본사 인턴 채용 공고문 (인턴 기간 평가 후 정규직 전환 심사)
683,[채용][대학내일ES] 마케팅(AE) 및 디자이너_인턴/경력 채용 안내
682,[인턴][서민금융진흥원] 2025년도 체험형 청년인턴 채용
681,[채용][로지스올] 2025년 신입사원 채용
680,[인턴][딜로이트 안진회계법인]회계감사부문 국제통상그룹 인턴
679,[인턴][포스코A&C] 2025 하반기 포스코A&C 채용연계형 인턴사원 공개채용
678,[채용][유라코퍼레이션] 2025년 7월 정기 채용 (R&D 외)
677,[인턴][정림건축] 신입사원 채용연계형 인턴십 채용
676,[인턴][딜로이트 안진회계법인]성장전략부문 마케팅팀 인턴
675,[채용][파수] 2025 2차 신입 공개 채용
674,[채용][주식회사 파네시아] 엔지니어 상반기 상시채용
673,[채용][롯데그룹] 3·6·9·12 예측가능한 롯데그룹 채용 6월 공고 오픈 (6/20~)
672,[채용][JNPMEDI] 임상운영 본부 신입 공채
671,[채용][IBK기업은행] 2025년 2차 IBK기업은행 전문계약직 채용공고
670,[인턴][코웨이] 2025 채용연계형 R&D 인턴 모집(~7/4)
669,[채용][도레이첨단소재]2025년 상반기 신입&경력 채용(~07/06까지)
668,[인턴][행정안전부]2025년 제2기 행정안전부 청년인턴 채용
667,[채용][그랜드코리아레저]2025년 신입사원 모집
666,[채용][딜로이트 안진회계법인]2025 신입회계사 정기채용
665,[채용][한국특허전략개발원] 2025년 한국특허전략개발원 직원 채용
664,[인턴][신보] 건설PM 정규직 전환형 인턴 채용
663,[인턴][GC녹십자] 2025 하반기 GC녹십자 채용전제형 인턴 채용
662,"[인턴][메가스터디교육]인턴 채용 메력 2기 (~6/30, 23:59)"
661,[채용][서민금융진흥원] 2025년도 하반기 일반직(신입) 직원 채용
660,[인턴][마티니아이오]인턴십 채용
659,[인턴][딜로이트 안진회계법인] 세무자문부문 이전가격그룹(Transfer Pricing 2팀) 정규직 전환형 인턴직
658,[인턴][딜로이트 안진회계법인] 2025 경영자문부문 CF 그룹 정규직 전환형 인턴십
657,[인턴][딜로이트컨설팅] HC 본부 HR 시스템 컨설팅 팀 인턴
656,"[채용][한국투자공사] ""2025년도 한국투자공사 신입직원 채용"""
655,[인턴][현대엘리베이터]2025년 현대엘리베이터 R&D 채용전환형 인턴 모집
654,[채용][본아이에프] 2025 신입사원 공개채용
653,[채용][비바리퍼블리카] Sales Specialist (MD직군 신입) 대규모 채용
652,[인턴][하나은행] 2025년 체험형 인턴 모집
651,[인턴][앳홈] 톰 브랜드 마케터 인턴 채용(3개월 전환형)
650,[인턴][딜로이트컨설팅] 경영자문부문 Monitor Deloitte MA 프로젝트 인턴
649,"[채용][딜로이트 안진회계법인] T&T부문 BCM,Risk Management,IT/DX 컨설팅 계약직(신입,정규직 전환)"
648,[채용][아이코어] 의료장비 및 의료용품 관리 신입 채용
647,[채용][뱅크웨어글로벌 주식회사] 2025년 하반기 신입사원 공개채용
646,[채용][딜로이트 안진회계법인]회계감사부문 IT A&A 그룹 IT Specialist 신입 계약직(정규직 전환형)
645,[인턴][딜로이트 안진회계법인] 세무자문부문 회계 및 세무 outsourcing 업무 담당자
644,[인턴][BGF로지스] 2025년 하계 체험형 인턴 모집
643,[채용][건일제약] 신입사원 채용
642,[채용][(주)오뚜기] 2025년 상반기 대졸신입사원 공개 채용
641,[인턴][딜로이트 안진회계법인] 회계감사부문 글로벌 IPO 전담팀 인턴 채용
640,[채용][세스코] 2025년 전문영업직 신입 대규모 채용
639,[채용][대통령경호처]2025년 7급 경호공무원 공개경쟁채용
638,[인턴][딜로이트컨설팅] 글로벌 선도 모빌리티기업 해외법인 HR Cloud 시스템 구축 프로젝트 인턴
637,[채용][마이다스] 마이다스그룹 2025년 상반기 집중 채용
636,[채용][현대코퍼레이션] 2025 현대코퍼레이션그룹 Global Talent 채용
635,"[채용][딜로이트 안진회계법인] T&T부문 BCM,Risk Management,IT/DX 컨설팅 계약직(신입,정규직 전환)"
634,[채용][주식회사 에이치시티] 25년 6월 신입/경력사원 공개채용
633,[채용][뷰티르샤] 학원운영/ 강사/상담 직원 채용
632,[인턴][한국해양진흥공사] 체험형 인턴 채용
631,[인턴][브이티코스메틱]일본SNS 인플루언서 마케팅 인턴 채용
630,[인턴][하나투어] 2025 하나투어 채용연계형 인턴 모집
629,[채용][동아쏘시오그룹사] 용마로지스 각 부문별 신입 및 경력 채용
628,[인턴][스파크플러스]사업매니저 정규직 전환형 인턴 모집
627,[인턴][딜로이트컨설팅] 글로벌 선도 모빌리티 기업 Human Capital 프로젝트 투입 인턴
626,[채용][서울과학종합대학원]교직원(글로벌 비즈니스직) 모집
625,[채용][SBS 미디어그룹] 2025 SBS 미디어그룹 신입사원 공개채용 (~6/23 17시까지)
624,[채용][선진] 2025년 2분기 신입·경력 채용
623,[인턴][디캠프]2025년 하반기 디캠프 인턴 채용
622,[인턴][한국투자증권]FY2025 한국투자증권 채용연계형 인턴 공채 (~6/12)
621,[인턴][우리은행] 2025년 우리은행 하계 체험형 인턴 채용
620,[인턴][로레알코리아] 오프라인 채용
619,[채용[LS그룹] 신입/경력 수시 채용
618,[채용][Vigloo] 플랫폼 운영 매니저
617,[채용][비나우]2025년 2분기 대졸 신입/경력 집중 채용
616,[인턴][하나금융TI] 하나금융융합기술원 체험형인턴 모집
615,[채용][신한DS] 2025년 신입사원 모집(~5/27)
614,[인턴][두산에너빌리티] 2025 채용연계형 인턴 대규모 채용(~6/9)
613,[채용][한국장학재단] 2025년도 상반기 수시채용
612,[인턴][딜로이트컨설팅] 경영자문부문 Monitor Deloitte 2 프로젝트 인턴
611,[채용][딜로이트 안진회계법인] 재경부 회계업무 (Global Finance Service 포함) 신입 채용
610,[채용][STX엔진] 2025 상반기 STX엔진 신입/경력 채용
609,[인턴][한국원자력환경공단]2025년도 청년인턴 채용
608,[채용][Applied Materials Korea] 2025 상반기 Applied Materials Korea 체험형 인턴/신입 채용
607,[인턴][딜로이트컨설팅] 인재부 Talent-Acquisition(채용팀) 인턴
606,[인턴][딜로이트컨설팅] HC 본부 HR 시스템 컨설팅 팀 인턴 모집
605,[인턴][삼성메디슨] 2025 상반기 3급 신입사원/대학생 인턴 채용 (~5.21)
604,[채용][미라콤아이앤씨]2025년 상반기 신입사원 채용
603,[인턴][딜로이트 안진회계법인] T&T부문 정보보안 컨설팅 인턴
602,[인턴][딜로이트컨설팅] 경영자문부문 Global Big Event Planning/Research 인턴
601,[채용][케이엘에이코리아] 2025년 KLA 분야별 신입/경력 엔지니어 및 인턴 채용
600,"[채용][대학내일] 마케팅(AE_글로벌 우대) 및 영상PD 인턴, 신입(전환형) 채용"
599,[서울시]「2025년 미래 청년 일자리」참여자 모집
598,[인턴][계룡건설]2025 상반기 계룡건설 채용연계형 인턴사원 모집(~5/12)
597,[채용][인카금융서비스] 2025년 신입사원 공개채용
596,[인턴][딜로이트컨설팅] 금융산업 컨설팅팀 인턴 모집
595,[채용][현진스포텍] 2025년 부문별 신입사원 모집
594,"[인턴][메타코미디] 디자이너, 마케팅콘텐츠 인턴 모집"
593,[채용][서울신용보증재단] 2025년도 서울신용보증재단 신입직원 채용
592,[채용][한솔케미칼] 2025 신입사원 채용 및 메타버스 채용 설명회 안내 (~5/11)
591,[인턴][프레인글로벌] 2025 채용연계형 인턴 모집
590,[인턴][코레일테크] 2025년 제1차 일반직(경력직 및 채용형 인턴)채용
589,[인턴][계룡건설]2025 상반기 계룡건설 채용연계형 인턴사원 모집
588,[채용][한국사회능력개발원] 정규직 채용 공고(영상 편집/디자인 모션 개발)
587,[인턴][이트너스] 2025년 27-3차 E-ON 채용연계형 인턴 모집
586,[채용][이랜드ESI(이랜드인재원)] 2025년 상반기 이랜드그룹 전략기획본부 ESI 신입/전역장교 채용
585,[인턴][펄어비스] 2025 채용연계형 여름 인턴십 모집
584,[인턴][현대글로비스]2025년 상반기 Start GLOVIS 인턴십 (채용연계형)
583,[인턴][IBK기업은행] 2025년 하계 체험형 청년인턴 공개채용
582,[채용][동아쏘시오그룹사] 용마로지스 2025년 4월 각 부문별 신입 및 경력 채용
581,[인턴][주식회사 이도] 2025년도 하반기 체험형 인턴 공개채용
580,[채용][하존이앤씨(주)]수자원･방재 엔지니어 채용 공고
579,[채용][현대오토에버] 2025년 상반기 신입사원 채용
578,[채용][한솔케미칼] 2025 신입사원 채용
577,[인턴][에스티아이]2025년 상반기 인턴연구원(정규직 전환형)채용
576,[인턴][현대모비스] 2025 여름방학 장학 전환 인턴 모집 (~5/12(월) 12시)
575,[채용][현대로템] 2025 현대로템 상반기 채용 (~5/6)
574,[인턴][성북구도시관리공단]청년인턴 채용공고
573,[인턴][딜로이트 컨설팅] Digital Innovation 팀 글로벌 프로젝트 인턴
572,[채용][현대코퍼레이션] 2025 상반기 현대코퍼레이션그룹 신입사원 채용
571,[채용][HDC랩스] 2025년 전직군 신입사원 공개채용
570,[인턴][일진전기] 2025년 채용연계형 인턴 모집
569,[채용][컴투스] 채용 운영 담당자 (계약직) 채용
568,[채용][한국디자인진흥원] 직원 채용 공고
567,[신입][엔테크서비스] 2025 신입개발자 채용
566,[인턴][웹젠] 2025년 상반기 웹젠 채용연계형 인턴 모집
565,[채용][LG유플러스] 2025 상반기 신입사원 채용 (~4.27 18시)
564,[인턴][원앤원] 2025년도 채용연계형 인턴 모집
563,[채용][화이트산업 주식회사] 해외영업 신입 및 경력사원 채용
562,[채용][에스엘그룹]2025 에스엘그룹 신입사원 모집 (~4/16)
561,[인턴][주식회사 E1] 채용연계형 인턴 모집
560,[인턴][대학내일] 미디어 에디터 인턴(정규직 전환형) 채용(~4/14 마감)
559,[채용][콜마그룹] 2025 상반기 콜마그룹 대졸신입 공채
558,[인턴][한국연구재단]2025년도 NRF 체험형 청년인턴 채용
557,[채용][한미그룹] 2025년 4월 수시채용
556,[인턴][성북구청]성북구 공공기관 청년인턴 모집
555,[채용][(주)영일교육시스템 ] 교육장비 기술지원직 채용
554,[채용][(주)두산전자]2025년 상반기 (주)두산 전자 신입사원 채용
553,"[채용][동아쏘시오그룹사] 용마로지스 2025년 2분기, TPL부문 신입사원 정기채용"
552,[채용][HDC랩스] 2025년 상반기 전 직군 신입사원 공개채용
551,[채용][BGF리테일] 2025년 상반기 BGF리테일 신입사원 공개채용
550,"[채용][퀄리타스반도체] 연구관리, 테크니컬라이터 신입 채용"
549,[채용][GS칼텍스] 2025년 상반기 신입/경력사원 채용 (~03.31)
548,[채용][한화시스템 ICT 부문] 2025년 상반기 신입사원 채용
547,"[인턴][딜로이트 안진회계법인] T&T부문 BCM,Risk Management,IT/DX 컨설팅 계약직(신입,정규직 전환)"
546,[인턴][딜로이트 안진회계법인] 경영자문부문 SRT-S&T INFRA 인턴
545,[채용][대원제약]2025 대원제약 DNA채용(상반기 공채)
544,[인턴][딜로이트 안진회계법인] 성장전략부문 딜로이트인사이트 콘텐츠 디자인/영상제작 인턴
543,[인턴][딜로이트 안진회계법인] 인재부 Talent-Acquisition(채용팀) 인턴
542,[채용][동아쏘시오그룹사] 용마로지스 2025년 3월 각 부문별 신입 및 경력 채용
541,[채용][CJ올리브네트웍스] 2025년 상반기 신입사원 채용
540,[채용][한화생명금융서비스]2025 한화생명금융서비스 채용
539,[채용][한국전력기술] 2025년도 상반기 신입사원 채용공고
538,[채용]한국항공우주산업] 2025 상반기 KAI 신입사원 공개채용
537,[채용][NH투자증권] 2025년 상반기 대졸공채
536,[채용][CJ대한통운] 2025년 상반기 신입사원 채용
535,[채용][JW]제이더블유홀딩스  2025년 2차 수시채용 (생산/품질부문 및 공장약사)
534,[채용][잉글리시에그] 영어놀이 액터 공개 모집
533,[채용][CJ제일제당]2025 CJ제일제당 식품/공통부문 신입사원 모집 (~4/3)
532,[인턴][딜로이트 컨설팅] 인사조직 컨설팅팀 인턴
531,[인턴][딜로이트 컨설팅] 금융 산업 프로젝트 인턴
530,[채용][서한그룹] 2025년 서한그룹 공개채용
529,[채용][GS칼텍스] 2025년 상반기 신입/경력사원 채용 (~03.31)
528,[채용][극동방송] 2025 신입직원 공개 채용
527,[채용][아이티센그룹] 2025 아이티센그룹 신입사원 공개채용
526,[인턴][딜로이트 컨설팅] 마케팅 & CX 컨설팅팀 인턴(정규직 전환형)
525,[채용][한화손해보험] 2025 상반기 신입사원 모집 (~3/31)
524,[채용][한국산업은행] 2025년 하반기 5급 신입행원 채용
523,[채용][ASML Korea] 2025 상반기 ASML Korea 신입 공채 모집 + 온라인 설명회
522,[인턴][한국산업은행] 2025년 1차 청년인턴 채용 공고
521,[채용][한화시스템 방산부문] 2025년 상반기 학/석사 신입사원 채용 (~03.30(일))
520,[채용][IBK기업은행] 2025년 일반직원(정규직) 수시채용
519,[채용][테크윙]2025년 3월 테크윙 각 부문 채용
518,[채용][남부공항서비스]2025년 남부공항서비스(주) 정규직 채용
517,[채용][화승알앤에이] 2025년 상반기 신입/경력 채용
516,[채용][코스맥스] 2025년 상반기 코스맥스 그룹 신입사원 채용
515,[인턴][딜로이트 안진회계법인] 인재부 평가 업무 지원 인턴 (정규직 전환형)
514,[인턴][딜로이트 컨설팅] 경영자문부문 Monitor Deloitte 프로젝트 인턴
513,[채용][삼성증권]2025상반기 삼성증권 신입사원 채용
512,[한화에어로스페이스] 2025년 상반기 대규모 신입사원 채용(~3/30(일)
511,[채용][컴투스] 2025 포커스 정규직 채용
510,"[채용][LG전자] 2025년 R&D 석박사 산학장학생 채용(~3.24, 11시)"
509,[채용][삼성전기] 2025년 상반기 3급 신입사원 채용 (~3/17)
508,[채용][삼성에스원]2025 상반기 삼성에스원 3급 신입사원 채용 (3/10~3/17 17시)
507,[채용][유니클로]2025 상반기 유니클로 신입사원(UMC) 채용 (~4/2)
506,[채용][현대그룹]2025 상반기 현대그룹 신입 매니저 채용
505,[채용][삼성E&A]2025 상반기 삼성E&A 3급 신입사원 / 대학생 인턴 모집
504,[인턴][메타코미디] 인턴십 공고
503,[채용][HD현대] 2025 상반기 대졸 신입사원 모집
502,[채용][포스코] 2025년 상반기 포스코인터내셔널 신입사원 채용(~3/19) & 온라인 채용설명회
501,[채용][포스코] 2025년 상반기 포스코 전역장교 채용
500,[채용][딜로이트 안진회계법인] T&T부문 기업 Risk Management 및 IT/DX 분야 컨설팅 계약직(전환형)
499,[채용][엠로] 2025년 상반기 신입사원 공개 채용
498,[채용][퍼시스그룹] 2025년 상반기 신입사원 채용 (~3/16)
497,[채용][NAVER] 2025 팀네이버 신입 공채
496,[채용][BGF로지스] 2025년 1분기 신입 및 경력사원 공개채용
495,[인턴][딜로이트 안진회계법인] T&T부문 정보보안 컨설팅 인턴
494,[박람회][고용노동부]2025 대한민국채용박람회 개최
493,[채용][한국식품연구원]2025년 제1차 정규직 및 무기계약직 채용 공고
492,[인턴][LX인터내셔널] 2025년 상반기 신입사원 채용 (채용연계형 인턴십)
491,[채용][한화오션] 2025년 상반기 한화오션 신입사원 채용(~3/23)
490,[채용][크래프톤] 2025 KRAFTON 신입채용
489,[채용][한독] 영업/마케팅 공채 (전문의약품 및 의료기기장비) 및 직무별 수시채용
488,[채용][화해(버드뷰)]Ad Sales Operataion Assistant(Contract) 포지션 채용
487,[롯데그룹] 3·6·9·12 예측가능한 롯데그룹 채용 3월 공고 오픈(3/5~)
486,[채용][한화시스템] 2025년 상반기 방산부문 학/석사 신입사원 채용(3/10~)
485,"[채용][현대카드|현대커머셜] 2025 Internship (~3/19, 10:00)"
484,[인턴][LS전선] 2025 상반기 채용연계형 인턴 대규모 모집
483,"[채용][쎄트렉아이] 2025 상반기 신입 채용, SI Future-Ship 모집"
482,[채용][한국투자증권] FY2025 한국투자증권 상반기 업무직원 공채(신입사원 6급)
481,[인턴][NICE평가정보(주)] 자본시장(기술금융) 부문 인턴사원 모집
480,[인턴][보령] Global Investment Internship Program(GIIP) 인턴 채용
479,[채용][일동제약그룹] 2025년 상반기 공개채용
478,"[채용][IBK기업은행] 2025년 상반기 신입행원 공개채용 (~3/17, 10:00)"
477,[인턴][(주)대상] 캘리포니아 법인 / 회계 부문 인턴사원 채용(~03.03)
476,[채용][LIG넥스원] 2025년 상반기 LIG넥스원 인재영입
475,[채용][딜로이트 안진회계법인] 세무자문부문 회계 및 세무 outsourcing 업무 담당자
474,"[채용][SJG그룹] 2025 SJG 신입,경력직원 채용"
473,[채용][용마로지스] 2025년 2월 각 부문별 신입 및 경력 채용
472,[채용][YK건기]2025상반기 공개채용
471,[인턴][아이샵케어] 체험형 GA 인턴(3개월)  모집
470,[채용][ SKC]2025 SKC Family 신입 구성원 채용(~3/16)
469,[채용][파수] 2025년 1차 파수 신입 공개채용
468,[채용][테크윙]인사팀 교육 및 근태 담당자(경력/신입) 모집
467,[인턴][딜로이트 안진회계법인] 세무자문부문 Global Employer Services 인턴
466,[채용][한국로슈]Customer Data Assistant 계약직 채용
465,[인턴][딜로이트 안진회계법인] 성장전략부문 딜로이트인사이트 콘텐츠 디자인/영상제작 인턴
464,[채용][인천공항시설관리(주)] 2025년 제1차 정기 채용 공고 (~2/24)
463,[채용][한경협중소기업협력센터]2025년도 정규직/계약직 공개채용
462,[채용][IBK신용정보] 2025년 상반기 종합관리직 채용
461,[채용][한국투자증권]FY2025 한국투자증권 상반기 리테일 영업 공채(신입사원 5급)
460,[채용][kt skylife] 2025년 신입사원 공개채용
459,[채용] [인테그리스코리아] 2025 글로벌 리더 (신입) 채용 (~2/23)
458,[인턴][딜로이트 안진회계법인] T&T부문 정보보안 컨설팅 인턴
457,[채용][한국전시산업진흥회] 기반구축팀 기간제 직원 채용
456,[채용][유한양행]2025년 신입/경력 사원모집
455,[인턴][스푼랩스]대만 프로모션 운영 인턴 (채용시 마감)
454,[채용][티맥스소프트] 연구본부 신입/경력 개발자 모집
453,[채용][MBC] IT 뉴스 시스템/단말 관리 담당자 채용(계약직)
452,[인턴][딜로이트 안진회계법인] 세무자문부문 이전가격그룹(Transfer Pricing 1팀) 정규직 전환형 인턴직
451,[인턴][대웅그룹]2025 상반기 채용연계형 인턴십 채용
450,"[인턴][대학내일ES] 마케터,디자이너,영상PD 인턴 대규모 채용 안내(~2.10)"
449,[채용][키움증권] 2025년 키움금융센터 정규직 채용
448,[채용][(사)문화창작집단 공터다] 단원 채용공고
447,[인턴][펄어비스] 2025 펄어비스 인턴모집
446,"[채용][과천도시공사] 2025년 일반직 직원 채용 (~2/10, 18시 까지)"
445,[채용][도루코]2025년 상반기 신입사원 채용
444,[채용][코오롱생명과학] 코오롱생명과학/바이오텍 2025년 상반기 정기채용
443,"[채용][유라그룹사] 2025년 상반기 공개 채용 (유라코퍼레이션,㈜유라,유라테크, 유라하네스)"
442,[채용][테크윙]2025 테크윙 대규모 채용
441,[채용][인테그리스코리아] 2025 글로벌 리더 (신입) 채용 (~2/23
440,[인턴][국토교통부]'25년 상반기 청년인턴 채용
439,[채용][딜로이트 안진회계법인] T&T부문 정보보안 컨설팅 인턴
438,[채용][동아쏘시오그룹사] 용마로지스 2025년 1월 각 부문별 신입 및 경력 채용
437,[채용][테크윙]2025 테크윙 대규모 채용
436,[채용][연세대학교의료원 산학협력단]일반행정직 채용공고
435,[인턴][환경부]'25년 청년인턴 채용
434,[인턴][나이스디앤비]기업신용평가 단기직원 채용
433,[인턴][국가유산진흥원]2025년 국가유산 산업 인턴 지원 사업 인턴 공개모집
432,[채용][비나우] 2025년 1분기 대졸 신입/경력 수시채용
431,[채용][한국조폐공사] 2025년도 신입직원(채용형인턴) 채용
430,[채용][(주)에이치시티] 2025년 상반기 신입/경력사원 공개채용
429,[채용][아모레퍼시픽]2025 상반기 아모레퍼시픽 신입사원 수시채용(~2/10)
428,[인턴][채널A] 2025 상반기 홍보/마케팅 업무 인턴 모집 (~2/2 23:59)
427,[채용][SK(주) C&C] 2025년 Junior Talent Fast Track 채용
426,[채용][휴온스그룹] 2025년 로컬영업부문 신입사원 공개채용
425,[인턴][딜로이트 컨설팅] 경영자문부문 Monitor Deloitte 프로젝트 지원 인턴
424,[채용][한글과컴퓨터] 2025년 상반기 한글과컴퓨터 채용
423,[인턴][한국투자공사] 2025년도 한국투자공사 청년인턴 채용
422,[인턴][핸디엄]컨텐츠 마케터 인턴 채용
421,[인턴][딜로이트 안진회계법인] T&T부문 Digital Transformation 팀 프로젝트 인턴
420,[채용][부광약품] 각 부문별 신입 및 경력 사원 모집
419,[채용][선진] 2025년 1분기 선진 신입·경력 채용 (~1/22)
418,[채용][일화]2025년 신입 및 경력 모집
417,[채용][니프코코리아] 신입/경력 직원 채용
416,[채용][KBS N] KBS N 아나운서 경력/신입 공개채용
415,"[채용][대학내일ES] 마케터,디자이너,HRD담당자 인턴 · 신입 대규모 채용"
414,[채용][NHR]2025상반기 램리서치코리아 신입 채용
413,[채용][딜로이트 안진회계법인] 경영자문부문 QRM
412,[채용][폴리미래] 2025년 폴리미래 상반기 신입사원 공개채용
411,[채용][에어코리아] 인천/김포/부산 직원 채용
410,[채용][동아쏘시오그룹사] 용마로지스 2024년 12월 각 부문별 신입 및 경력 채용
409,[채용][엔테크서비스]SW QA엔지니어 신입 공채
408,[인턴][한국토지주택공사] 2025년 청년인턴 채용 공고 게시 요청문
407,[인턴][(주)슈피겐코리아] 미국법인 / 각 부문 인턴사원 채용(~01.03)
406,[인턴][딜로이트 안진회계법인] 성장전략부문 마케팅 전략 인턴
405,[채용][한일시멘트] 2025년 신입/경력 사원 공개 채용
404,[인턴][TRIDGE]솔루션 영업/전략 부서(Growth Solution & Intelligence) 전환형 인턴
403,[인턴][FNS Inc]미국물류대기업 FNS Inc 분야별 모집안내-(월드인턴)
402,[채용][아주대학교의료원]2025 신입 사무직(정규직) 공채
401,[인턴][GC녹십자] 2025년 상반기 채용전제형 인턴 채용 (~1/2)
400,[인턴][한화손해보험] 2025 상반기 AI 모델 개발 체험형 인턴 채용 (~12/29)
399,[채용][인바디] InBody 2025 상반기 GBD 신입채용
398,[채용][폭스바겐그룹코리아] 2025 H1 INTERNSHIP PROGRAM(~1/5)
397,[채용][(주)삼구아이앤씨]2025년 신입/경력사원 공개채용
396,[채용][서울도시가스]2025년 서울도시가스 신입사원 채용
395,[인턴][대학내일ES] 에디터 인턴 채용 안내(~12.23)
394,[채용][LX판토스] 2025 상반기 채용연계형 인턴십 채용 (~12.22까지)
393,[인턴][hy(한국야쿠르트)]2025년 상반기 (주)hy 채용연계형 인턴 모집
392,[인턴][딜로이트 안진회계법인] 성장전략부문 Brand팀 디지털 마케팅 인턴
391,[채용][딜로이트 안진회계법인] 경영자문부문 금융회사 PI/ISP/PMO 및 리스크 관리 컨설팅
390,[채용][로지스올] 신입사원 채용 (~채용시 마감)
389,[채용][플라이두바이항공] 객실승무원 공개채용
388,[채용][ 롯데케미칼] 첨단소재사업 신입사원 채용 일반전형 (12/2~12/15)
387,[인턴][행정안전부]2025년 제1기 행정안전부 청년인턴 채용
386,[인턴][LX판토스] 2025 상반기 채용연계형 인턴십 채용 (~12.22까지)
385,[채용][비씨월드제약/비씨월드헬스케어] 24년 4분기 채용
384,[채용][유라코퍼레이션] 환경 담당자 신입/경력사원 채용
383,[채용][BGF로지스] 2024년 4분기 신입 및 경력사원 공개채용
382,[채용][한미그룹] 2024년 12월 수시채용 (각 부문별)
381,[채용][한국로슈진단]각 부문 정규직 채용
380,[인턴][롯데백화점] 2025 상반기 롯데백화점 신입사원 채용 (~12/25)
379,[인턴][올리브인터내셔널] 성분에디터 북미 마케팅 인턴
378,[채용][롯데그룹] 3·6·9·12 예측가능한 롯데그룹 12월 채용 오픈 (12/2~)
377,[채용][우미] 2025년 상반기 대졸 신입사원 공채
376,[인턴][얀센백신] Jassen Vaccines Strategic Internship Recruitment
375,[인턴][딜로이트 안진회계법인] 성장전략부문 딜로이트 인사이트 영상 제작 및 컨텐츠 디자인 인턴
374,[인턴][딜로이트 안진회계법인] 인재부 Talent-Acquisition(채용팀) 인턴
373,[채용][딜로이트 안진회계법인] 재경부 Master Data Management/Procure to Pay 신입 및 경력직
372,"[채용][한국예술인복지재단] 2025년 제1차 직원 채용 공고(정규직, 계약직)"
371,[채용][베이글코드]2024 베이글코드 공개 채용 (~12/1)
370,[인턴][우리은행]2024년 우리은행 체험형 인턴 채용 (11/29 18시까지)
369,[채용][건일제약] 인사팀 신입사원 모집 공고
368,[인턴][해커스 교육그룹] 직원전환형 인턴 채용
367,[채용][딜로이트 안진회계법인] 회계감사부문 Financial Asset & Analytics 계약직 (정규직 전환형)
366,[인턴][맨파워]본사 인턴 채용
365,[채용][(주)아산](주)아산 10기 공채 모집
364,[인턴][PTKOREA] 피티코리아 인텔리Z 대규모 글로 인턴 모집
363,[채용][한솔케미칼]2024 신입사원 채용 및 메타버스 채용 설명회 안내 (~11/24)
362,"[채용][과학기술인공제회] 2025년 과학기술인공제회 직원(경력,신입) 채용공고"
361,[채용][네오위즈]연결회계/자회사 회계지원업무 담당자(신입 가능)
360,[인턴][넥슨네트웍스] 판교센터 게임서비스 부문 채용연계형 인턴 모집
359,[채용][(주)미라콤아이앤씨] 2024년 하반기 신입채용
358,[채용][(주)시큐아이] 2024년 신입사원 하반기 채용(삼성SDS자회사)
357,[인턴][케이엘에이코리아] 2025년 KLA Customer Support Engineer 동계 인턴 채용
356,[인턴][딜로이트 컨설팅] FY25 딜로이트컨설팅 HR Transformation 컨설팅 팀 인턴
355,[채용][현대HDS(주)] 2024년 대졸 신입사원 모집(어플리케이션)
354,[채용][아워홈] 2025년 신입사원 공개채용(~11.24까지)
353,[채용][삼성메디슨]2024 하반기 3급 신입사원 채용 (~11/18 17시까지)
352,[채용][삼천리] 2025년 신입사원 공개채용 (~11/18)
351,[채용][멀티캠퍼스] 2024 하반기 신입 공채
350,[채용][세메스]2024년 하반기 세메스 신입사원 채용
349,[채용][현대로템]2024년 현대로템 3차 정기채용 (~11/24)
348,[채용][고베제강]고베제강 신입/경력 채용 (플랜트 엔지니어)
347,[인턴][딜로이트 안진회계법인] 성장전략부문 인사이트 컨텐츠 디자인 및 편집 인턴
346,[채용][삼우종합건축사사무소] 2025년 신입사원 채용
345,[채용][부광약품] 각 부문별 신입 및 경력사원 모집
344,[채용][도레이첨단소재]2024년 하반기 도레이첨단소재 신입사원 채용
343,[채용] [화승알앤에이] 2024년 화승R&A 10월 수시채용 (~11/20)
342,[채용][GS파워]2025년 신규사원 공개채용(~11.12)
341,[인턴][현대모비스]2025 동계 인턴 모집
340,[채용][현대자동차] 2025 현대자동차 서비스엔지니어 채용 (~11/22(금) 17시까지)
339,[채용][에어코리아]공항서비스업무 신입직원 채용
338,[채용][딜로이트 안진회계법인] 경영자문부문 금융회사 PI/ISP/PMO 및 리스크 관리 컨설팅
337,[채용][서울경제진흥원] 2024년 서울경제진흥원 시설서비스직 채용
336,[채용][일룸]직영점 영업전문직 공개채용 (~11/17)
335,[인턴][펄어비스]2024 펄어비스 채용연계형 겨울 인턴십 (~11/21(목) 16시까지)
334,[채용][SGC이앤씨] 25년 상반기 신입사원 채용공고
333,[채용][키움증권] 2024년 하반기 대졸 신입사원 공개채용
332,[인턴][IBK기업은행] 2025년 동계 체험형 청년인턴 채용
331,[인턴][메타코미디] 채용전환영 인턴 모집
330,[채용][호반그룹] 2025년 호반그룹 주니어 (신입/경력) 채용
329,[인턴][존슨앤드존슨] J&J MedTech 인턴십 채용 (~11/12)
328,[채용][한국정보인증]채용전제형 인턴십 신입 채용_마케팅
327,[채용][이랜드그룹 전략기획본부 ESI] 2024년 하반기 신입/전역 장교 채용
326,[채용][송월타올] 사무직 신입사원 모집
325,[인턴][그린랩스]마케팅 담당 채용 전환형 인턴 모집
324,[채용][동아쏘시오그룹사] 용마로지스 2024년 10월 각 부문별 신입 및 경력 채용
323,[채용][키엔스코리아]2024년 하반기 비영업(IT) 신입 및 경력사원 채용
322,[인턴][재외동포청]2024 국내청년의 동포기업 인턴십(미주.아시아.중남미 등 근무)
321,[채용][넥센타이어] 2024년 하반기 신입 공채(~11/5)
320,[채용][한국후지필름비즈니스이노베이션]2024년 하반기 신입/경력 공개 채용
319,[채용][풍산그룹]2024 풍산그룹 신입사원 채용
318,"[채용][크레텍]2024년 크레텍 정기공채(영업,해외마케팅,총무)"
317,[채용][계룡건설] 2024 하반기 계룡건설 신입사원 채용 (~10/29)
316,[채용][일화]2024년 신입 및 경력 모집공고
315,[채용][초록우산 어린이재단] 모금 및 복지 분야 대규모 채용
314,[채용][BENOW] 2024년 4분기 비나우 대졸 신입/경력 수시 채용
313,[채용][한국로슈진단] Service Engineer 정규직 채용
312,[채용][동서식품] 2024년 대졸 신입사원 채용
311,"[인턴][넥슨컴퍼니] 2024 채용형 인턴십 <넥토리얼> (~10/18, 17시)"
310,[채용][모니터랩] 신입/경력 사원 공개채용
309,[채용][서울신문] 수습기자 및 경력기자 채용
308,"[채용][현대캐피탈] 2024 신입사원 채용 (~10/21, 16시)"
307,[인턴][딜로이트 안진회계법인] 회계감사본부 AIS(계리 전문 조직) 인턴 채용(정규직 전환형)
306,[채용][차병원·바이오그룹] 신입/Junior 대규모 공채
305,[샘표식품] 2024년 하반기 직무별 신입사원 채용
304,[채용][파수]2024년 파수 3차 신입 공개채용
303,[채용][코오롱FnC] 2024년 하반기 신입사원 공개채용 (~10/13)
302,[채용][이수그룹] 2024 이수그룹 신입/경력사원 공개채용
301,[인턴][웹젠]24년 하반기 웹젠 채용연계형 인턴 모집
300,[채용][LG유플러스] 2024 신입사원 채용 (~10/13 23시)
299,[인턴][두산그룹] 2024 두산그룹 신입사원·채용연계형 인턴 채용
298,[인턴][GC녹십자] HR 체험형 인턴채용 (~10/1)
297,[채용][삼양그룹]신입사원 대규모 모집 (~10/7(월) 09시까지)
296,[채용][현대해상] 2024 현대해상 대졸 신입사원 채용 (일반/글로벌) (~10/4(금)18:00까지)
295,[채용][유라코퍼레이션] 2024년 9월 R&D부문 수시 채용 (신입/경력)
294,[채용][대한상공회의소] 2025년 신입직원 채용 (~10. 4)
293,[채용][한국필립모리스]2024년 하반기 채용전환형 인턴 모집 (~9/22)
292,"[채용][우성그룹]2024년 신입,경력사원 공개채용"
291,[채용][한국재정정보원]2024년 2차 정규직 채용(장애제한)
290,[채용][쿠팡로지스틱스서비스] 채용 담당자 모집(Recruiter)
289,[채용][현대모비스] 2024 하반기 신입채용 (연구직/관리직)
288,[채용][한미그룹] 2024 하반기 인재모집 (~9.22.)
287,[채용][한화에어로스페이스]2024년 하반기 대규모 신입사원 채용(~09.27)
286,[채용][아모레퍼시픽] 2024 하반기 신입채용 일반 전형 (~9/23)
285,[채용][한국HR진단평가센터] 2024년 신입/경력 직원 채용
284,[채용][BGF리테일] 2024년 하반기 신입사원 공개채용
283,[채용][삼성전기] 2024년 하반기 3급 신입사원 채용 (~9/11)
282,[채용][삼성에스원]2024 하반기 삼성에스원 3급 신입사원 채용 (9/4~9/11)
281,[채용][아스텍코리아]의료기기/이화학기기 기술영업 사원 채용
280,[채용][호텔신라] 2024 호텔신라 하반기 3급 신입사원 채용
279,[채용][한화오션] 2024년 하반기 한화오션 신입사원 채용(~9/27)
278,[채용][금호석유화학그룹]2024년 하반기 신입사원 공개채용
277,[채용][동서울대학교]정규직 채용 공고
276,[인턴][경기경영자총협회] 2024년 하반기 에스케이가스(주) 청년 인턴 모집
275,[채용][현대그룹]2024 하반기 현대그룹 신입 매니저 채용
274,[채용][한국교직원공제회] 2024년도 신입직원 채용공고(~9/20)
273,[딜로이트 안진회계법인] 회계감사본부 IT A&A 그룹 IT Specialist 계약직(정규직 전환형)
272,[채용][현대건설] 2025년 신입사원 채용 (~9/23(월)까지)
271,[채용][대학내일ES] 신입(정규직) 및 인턴(체험형) 채용
270,[채용][SK주식회사 C&C] 2024 하반기 SK주식회사 C&C 채용
269,[채용][문화방송] 2024 MBC 신입사원 공개채용
268,[채용][S-OIL]2024년 S-OIL 신입사원 채용 (~9/20)
267,[채용][뷰웍스]2025 대졸 신입사원 대규모 공개채용 (~9/23)
266,[채용][롯데그룹] 3·6·9·12 예측가능한 롯데그룹 9월 채용 오픈 (09/05~)
265,[채용] [LIG넥스원] 2024년 하반기 공개채용(~9/15)
264,[채용][LG화학]2024년 9월 신입사원 채용 (~9.23까지)
263,[채용][LG CNS]2024 하반기 신입사원 채용
262,[채용][한화그룹] 2024 하반기 신입사원 채용
261,[채용][세스코]서버/네트워크 운영(~9/10)
260,[채용][풀무원] 풀무원녹즙 영업운영직(기획) 채용(경력/신입) (~9/9)
259,[채용][딜로이트 안진회계법인]리스크자문본부 운영리스크/내부통제/책무구조도 컨설팅 신입 계약직 (전환형)
258,[채용][더파운더즈] 2024 하반기 신입/경력 공채
257,"[채용][IBK기업은행] 2024년 하반기 신입행원 채용(~9/19, 10:00)"
256,[인턴][마티니아이오] 인턴십 채용(퍼포먼스마케터/AE광고기획자)
255,[채용][인천교통공사] 직무능력중심 신입사원 채용
254,[채용][성남도시개발공사]2024년도 직원 공개모집
253,"[채용][한국장학재단]2024년 종합직 채용 공고(일반행정, IT 개발운영, 기록물관리, 행정지원)"
252,[채용][현대카드]2024 신입 인재모집
251,[채용][한국투자증권]FY2024 한국투자증권 일반 공채(신입사원 5급) (8/27~10/1)
250,"[채용][신한카드]2024년 B2사원 채용(마케팅,지역영업,ICT개발)"
249,[채용][서경대학교산학협력단]캠퍼스타운조성사업단 매니저 채용
248,[채용][일화]2024년 일화 신입 및 경력 모집
247,[채용][하나은행]2024년 하반기 신입행원 채용(~9/25)
246,[채용][GS칼텍스] 2024년 하반기 신입사원 채용 (~9/10)
245,"[채용][사학연금]2024년도 사학연금 하반기 정규직(장애, 보훈, 고졸) 채용"
244,[인턴][해태제과식품] 2024 채용연계형 인턴 모집
243,"[채용][LG전자] 2024년 하반기 신입사원 채용 (~9.18, 21시)"
242,[채용][딜로이트 안진회계법인]세무자문본부 회계 및 세무 outsourcing 업무 담당자 채용
241,[인턴][딜로이트 컨설팅]  FY25 딜로이트컨설팅 ERP 구축 컨설팅 팀 인턴(전환형)
240,[인턴][한국에듀테크산업협회]2024년 미래내일 일경험 사업(인턴형)-교육 컨텐츠 스토리 설계-참여청년 모집
239,[채용][SGI서울보증] 2024 하반기 각 분야별 신입사원(4급) 채용
238,"[채용][한국예술인복지재단] 2024년 제3차 직원 채용 공고(정규직, 계약직)"
237,[채용][한국무역협회]2025년도 신입직원 채용
236,[채용][SK텔레콤]2024 Junior Talent 채용 안내 (~8/28)
235,[인턴][올리브인터내셔널] 콘텐츠 마케팅 인턴 모집
234,[채용][동화기업] 하반기 신입/경력 채용 (~09/08)
233,[채용][우리은행]2024년 하반기 신입행원 채용
232,[채용][한국미쓰비시엘리베이터]2024년 하반기 채용
231,[인턴][수협은행] 채용연계형 인턴 모집
230,[인턴][국토교통부]하반기 청년인턴 채용
229,[채용][세아특수강]2024 하반기 신입/경력 채용 (~8/25)
228,[채용][한국지방재정공제회] 2024년 직원 채용 공고
227,[채용] [부광약품] 각 부문별 신입 및 경력 사원 모집
226,[채용][에어퍼스트] 생산 프로세스 및 정비 엔지니어 채용
225,[인턴][딜로이트 안진회계법인]세무자문본부 GES 그룹 Immigration 부문 인턴 채용
224,[채용][다스]2024년 하반기 DAS 신입/경력 대규모 공개채용
223,[채용][NHR] 2024년 3분기 신입/경력 채용 (~8/20(화))
222,"[채용][IBK신용정보] 2024년 하반기 종합관리직 채용(~8/13, 18시까지)"
221,[인턴][퀄리타스반도체]Technical Writer 채용연계형 인턴 채용 공고
220,[인턴][포스코A&C] 2024 하반기 포스코A&C 채용연계형 인턴사원 공개 채용(~8/14)
219,[채용][스마트인포] 광고기획(A.E) 정규직 채용
218,"[채용][한국발명진흥회]24년 정규직(6급, 채용형 인턴) 채용 공고"
217,[채용][한화손해보험] 2024 하반기 상품개발 신입채용(~8/11)
216,[채용][빅픽처팀]크리에이티브 디자이너 모집
215,[채용][마이다스]24년도 채용 전환형 인턴십(신입)채용
214,"[채용][유밥]국내 기업교육(B2B) 영업, 고객관리, 컨설팅"
213,[채용][네오위즈] 주니어 포지션 채용
212,[채용][오픈서베이]신입(Survey Optimization Specialist) 및 인턴(리서치 오퍼레이션) 채용
211,[채용][딜로이트 안진회계법인]세무자문본부 조세전문가(Staff ~ Manager) 금융 부문
210,[채용][해커스 교육그룹] 직원전환형 인턴 채용
209,[인턴][딜로이트 컨설팅] FY25 딜로이트 컨설팅 HR Transformation 컨설팅 팀 인턴
208,[인턴][풀무원] 식품 연구개발직 채용연계형 인턴사원 모집
207,[채용][딜로이트 안진회계법인] 세무자문본부 GES 그룹 Immigration 부문
206,[채용][CR홀딩스 그룹사 ∙ 조선내화]2024년 하반기신입/경력사원 채용
205,[채용][한국선급]2024년 한국선급 제1차 채용공고(정규직)
204,[채용][딜로이트 안진회계법인] 세무자문본부 이전가격그룹 신입 채용
203,"[채용][유라그룹사] 2024년 하반기 대규모 공개 채용 (유라코퍼레이션, (주)유라, 유라테크, 유라하네스)"
202,[인턴][세아홀딩스] 2024 하반기 통상팀 인턴 사원 모집
201,[인턴][BGF리테일] 2024년 하반기 체험형 인턴십 모집
200,[채용][현대아이에스씨]2024년 대졸 일반직 채용(인사)
199,[인턴][채널A] 2024 하반기 홍보/마케팅 업무 인턴 모집 (~7/28 23:59)
198,[채용][인천공항시설관리(주)] 2024년 제2차 정기채용
197,[인턴][한국리서치] 2024 국민참여예산제도 사무보조 인턴 채용
196,[채용][딜로이트 안진회계법인] 회계감사본부 Assurance-general 그룹 계약직(정규직 전환형)
195,[인턴][DB금융투자] WM영업직 채용연계형 인턴사원 모집
194,[채용][용마로지스]2024년 7월 각 부문별 신입 및 경력 채용
193,[채용][조선내화]2024년 하반기 CR홀딩스 그룹사 ∙ 조선내화 신입/경력사원 채용
192,[인턴][메가존/펜타클] 2024 채용연계형 인턴사원 공개 모집(~7/24)
191,[인턴][맥시머스] 고용노동부 미래 내일 인턴쉽 (경영/사무 직무) 2기
190,[인턴][DB Inc. & DB FIS] 2024년 채용연계형 인턴사원 모집(~7/22)
189,[인턴][폭스바겐그룹코리아] 2024 H2 INTERNSHIP PROGRAM(~7/14)
188,[인턴][글로벌 브라이트] 미국 인턴 채용(Asiana/Ceragem/CJ Foodville)
187,[인턴][서민금융진흥원] 2024년 체험형 청년인턴 채용 (~07.24)
186,[채용][한은공보관]한국은행(공보관) 사무보조원 채용
185,[인턴][OMTI KOREA]웹 어플리케이션 개발 및 유지 보수 인턴 모집
184,[인턴][딜로이트 안진회계법인] Information Technology ERP(전사적자원관리)팀 인턴
183,[채용][램리서치코리아]신입 Field Service Engineer모집
182,[채용][에어퍼스트] 전기계장 엔지니어 모집
181,[채용][NS홈쇼핑]2024년 공개채용
180,[채용][한국로슈진단]정규직 채용 공고
179,[채용][이수스페셜티케미컬] 5급 신입 계약직 채용 공고
178,[채용][딜로이트 안진회계법인]회계감사본부 Audit & Assurance IT Specialist 계약직(정규직전환형)
177,[인턴][딜로이트 안진회계법인]리스크자문본부 국제개발협력 ICT 컨설팅 인턴(전환형)
176,[인턴][딜로이트 안진회계법인]리스크자문본부 정보보안 컨설팅 인턴
175,[채용][해양수산과학기술진흥원] 2024년도 제4차 신규직원 채용
174,[채용][타임폴리오]ETF본부 마케팅 전문인력 채용(~7.14.)
173,[인턴][딜로이트컨설팅] FY25 딜로이트컨설팅 HR Transformation 컨설팅팀 인턴
172,[채용][컵아이앤엠] 2024 하반기 신입사원 공개채용
171,[인턴][세아홀딩스] 2024 하반기 세아홀딩스 디자인 인턴 사원 모집(~7/18)
170,[인턴][딜로이트 안진회계법인] 성장전략본부 마케팅팀 인턴
169,[채용] [아주뉴스그룹] 2024년 아주뉴스코퍼레이션 공개채용
168,[인턴] [(주)보령] Global Project Internship 인턴 채용 (~7/8)
167,[인턴] [한국지식재산서비스협회] 서울형 IP서비스아카데미 참여자(인턴근로) 모집 (~7/21)
166,[채용][엠로] 2024년 상반기 신입사원 공개 채용
165,"[채용][과천도시공사] 2024년 일반직(전산분야) 직원 채용 (~7/8, 18시까지)"
164,[인턴] [포스코인터내셔널] 2024 포스코인터내셔널 '익스턴십(Ex-ternship)' 모집
163,[채용][딜로이트 안진회계법인]세무자문본부 국제조세그룹 신입/경력 (수시)
162,[채용][딜로이트 안진회계법인] 재무자문본부 VS Consultant
161,[인턴][딜로이트 안진회계법인] 성장전략본부 인사이트 콘텐츠 디자인/영상제작 인턴 채용
160,[인턴][딜로이트 안진회계법인] 성장전략본부 소셜미디어 마케팅 인턴
159,[채용][비나우]2024년 3분기 BENOW 대졸 신입/경력 수시 채용
158,[채용][삼화페인트공업]2024년 3분기 신입/경력 수시채용
157,[인턴][스푼라디오]크리에이터 매니지먼트 체험형 인턴
156,[채용][가온전선]2024 3분기 수시채용 신입사원
155,"[채용][한국전기안전공사]2024년 신입, 경력, 공무직 공개채용"
154,[채용][딜로이트 안진회계법인]세무자문본부 조세전문가(Staff ~ Manager) 금융 및 비금융 부문 채용
153,[채용][딜로이트 안진회계법인] 인재부 인사기획업무 신입 및 경력직 채용
152,[채용][퀄리타스반도체] 연구관리팀 채용(신입)
151,[채용][신한DS] 2024년 신한DS 신입사원 모집(~7/3)
150,[채용][이카운트] 2024년도 신입개발자 채용 학교추천
149,[채용][삼천리]2024년 신입사원 공개채용 (~7/1)
148,[인턴][에스티아이]서울 청년 예비인턴 모집
147,[채용][롯데그룹] 3·6·9·12 예측가능한 롯데그룹 6월 채용 오픈 (06/15~)
146,[채용][포항공과대학교]2024 하반기 정규직 직원 채용 공고(일반행정/회계세무/건축/설비/전기/전산개발)
145,[인턴][롯데]롯데 유통 계열사 마케팅 인턴 모집! (~6/30)
144,[채용][용마로지스]2024년 6월 각 부문별신입 및 경력채용
143,[채용][대통령경호처]특정직 7급 경호공무원 공개경쟁채용(~7/11)
142,[인턴][행정안전부]2024년 제2기 체험형 청년인턴 채용
141,[채용][세아창원특수강] 2024 상반기 세아창원특수강 신입 채용
140,[채용][SBS] 2024년 신입사원 공개채용
139,[채용][부광약품]각 부문별 신입 및 경력사원 모집
138,[인턴][BGF리테일]2024년 하계 채용연계형 인턴사원 모집
137,[인턴][서울시]「2024년 서울 청년 예비인턴 프로젝트」참여자 모집
136,[인턴][JTI코리아] 2024 하반기 인턴십 모집 (~06/23)
135,[채용][딜로이트 안진회계법인]세무자문본부 국제조세그룹 신입/경력 (수시)
134,[인턴][하나은행]2024년 체험형 인턴 모집
133,[채용][삼구아이앤씨]2024년 하반기 신입사원 공개채용
132,"[채용][한국토지주택공사]2024년 신입사원(5,6급) 채용"
131,[인턴][메디테라피]2024 전환형 인턴 대규모 채용
130,[롯데그룹]2024 상반기 LOTTE Job Cafe 사전 신청 오픈(1차)
129,[채용][딜로이트 안진회계법인]재무자문본부 VS Consultant 신입 채용
128,[채용][포스코이앤씨]2024 상반기 신입사원 채용(~6.17 15:00) 및 캠퍼스 채용설명회
127,[채용][한경협중소기업협력센터]2024년도 정규직 채용
126,[채용][키엔스코리아] 2024년 상반기 컨설팅세일즈 신입사원 채용 ( ~6/23)
125,[인턴][두산에너지빌리티]2024 채용연계형 인턴 대규모 채용
124,[채용][FM커뮤니케이션즈] 상반기 공개채용
123,[채용][SBS] 2024년 SBS 신입사원 공개채용 (~6/26)
122,[채용][데일리앤코] 채용공고(10개 부문 채용)
121,[인턴][하나투어] 2024년 채용연계형 인턴 모집
120,[채용][일동제약] 2024년 상반기 CHC부문 약국영업 채용
119,[채용][고양시]2024년 고양시 공공기관 직원 통합채용
118,[하나금융그룹]하나 디지털 파워 온 프로젝트 3기 모집
117,[채용][본아이에프]2024 신입사원 공개채용
116,[인턴][유니브] 포텐 학원 운영 인턴 포지션 인턴십 공고
115,[인턴][한화정밀기계]2024년 하반기 채용전제형 인턴 채용
114,[채용][현대로템] 2024년 상반기 2차 정기채용
113,"[채용][유라그룹사]2024년 5,6월 수시채용"
112,[인턴][현대글로비스]2024년 상반기 채용연계형 인턴십
111,[채용][현대로템] 2024년 2차 정기채용 (~6/2)
110,[인턴][GC녹십자] HR Intership 모집 (~5/28)
109,[인턴][두산에너지빌리티]2024 채용연계형 인턴 대규모 채용
108,[채용][LG유플러스]2024 신입사원 채용 (~5/26 17:00)
107,[채용][아이센스]2024 상반기 신입/경력 대규모 채용
106,[채용][딜로이트 안진회계법인]재무자문본부 Deal VS Consultant
105,[채용][한국토지주택공사]2024년 7급(무기계약직) 신규채용 공고
104,[채용][한국유나이티드제약]개량신약영업팀 신입 모집
103,[채용][크래프톤]2024년 SW엔지니어 신입채용 (5.13~5.22)
102,[채용][딜로이트 안진회계법인]경영지원본부 Operation(총무부) 사원급 정규직
101,[채용][스튜디오프리즘](前SBS예능본부)제작부문 제작행정 사원 모집 / ~5.21(화)
100,[채용][KB증권]2024년 신입직원 공개채용 (~5/27)
99,[해외취업] 2024년 해외취업연수사업 대학연합과정 2기 연수생 심층면접 대상자 공고
98,[채용][NHR] 2024년 2분기 신입/경력/인턴 채용 (~5/22(수))
97,[인턴][HD현대오일뱅크]2024년 대졸 하계인턴 채용
96,[인턴][부스트랩]정규직 전환형 인턴 모집
95,[채용][신용보증재단중앙회]2024년 신입직원(5급) 공개채용
94,[채용][GS칼텍스] 2024년 상반기 신입사원 채용 (~5/21)
93,[인턴][신도리코]2024년 채용연계형 인턴 모집
92,[채용][산업통상자원R&D전략기획단]'24년 신입직원 공개채용 공고
91,[채용][용마로지스]2024년 5월 각 부문별신입 및 경력채용
90,[인턴][한국투자증권]2024 상반기 채용연계형 인턴 공개채용
89,[채용][대신정보통신]신입사원 추천 채용
88,[채용][한국로슈진단]정규직 채용
87,[인턴][이랜드이노플] 2024 채용연계형 인턴십 채용
86,[채용][선진]2024년 2분기 선진 신입·경력 채용
85,[채용][딜로이트 안진회계법인]경영지원본부 Operation(총무부) 사원급 정규직
84,[채용][스튜디오프리즘] 2024년 신입 예능PD 공개채용(~5/8)
83,[채용][NH투자증권] 2024년 상반기 대졸 신입사원 채용 (~5/7)
82,[인턴][GC녹십자] 2024 GC녹십자 채용전제형 인턴 채용(병/의원 영업) (~4/23)
81,[인턴][딜로이트 안진회계법인]재무자문본부 Forensic & Analytics 인턴 (정규직 전환형)
80,[채용][딜로이트 안진회계법인]재무자문본부 Deal VS Consultant
79,[채용][한미그룹] 2024년 상반기 인재모집(공개채용)
78,[채용][일화]2024년 신입 및 경력 채용
77,[채용][현대코퍼레이션] 2024 상반기 신입사원 공개 채용
76,[채용][보령축제관광재단]2024년 피부미용사 채용
75,[채용][JW그룹] 2024년 2차 수시채용
74,[채용][PTKOREA]2024년 신입사원 공개채용
73,[채용][삼양그룹] 2024년 4월 삼양그룹 신입사원 수시채용 모집
72,[채용][DB하이텍] 2024 상반기 신입사원 모집
71,[채용][서울 중구육아종합지원센터]직원 채용 공고
70,[채용][아모레퍼시픽그룹] 2024 상반기 신입사원 수시채용 (~4/22)
69,[채용][포스코그룹]2024년 상반기 RIST 연구직/기술직/행정직 채용
68,[채용][인천관광공사]2024년 NCS기반 블라인드 일반직 직원 채용공고 및 입사지원 (3/29~4/18)
67,[채용][유니브]광고팀 AE 포지션 정규직 공고
66,[채용][HDC랩스]2024년 상반기 전 직군 신입사원 공개채용
65,[채용][트루엔]이미징(화질) 튜닝 포지션 신입 채용
64,[채용][두산밥캣] 2024 신입 공개 채용 (~4/8)
63,[채용][BGF리테일]2024년 상반기 신입사원 공개채용
62,[채용][S-OIL] 2024 S-OIL 신입사원 채용 (영업직) (~4/10)
61,[인턴][한국토지주택공사] 2024년 체험형 청년인턴 신규채용 공고
60,[채용][큐빅셀]S/W개발자 채용공고 (병역특례 가능)
59,[채용][한샘] 2024년 상반기 신입사원 공개채용 (영업직 부문)
58,[인턴][딜로이트]FY24 딜로이트컨설팅 금융특화 컨설팅 팀 인턴 모집(채용연계형)
57,[채용][한국자동차연구원]2024년 5월 별정직(계약직) 모집 공고
56,[채용][한국여성벤처협회]채용공고
55,[인턴][블루포인트파트너스] IT개발팀 UX/UI Designer 인턴 채용 (~3/31)
54,[채용][우아한청년들] 신입 인재 모집 (~3/25(월)까지)
53,[채용][한화에어로스페이스] 2024년 상반기 신입사원 채용(~4/8)
52,[채용][YK건기]2024 상반기 공개채용
51,[채용][한국로슈진단]정규직 채용 공고
50,"[채용][롯데그룹] 3·6·9·12 예측가능한 롯데그룹 채용(3월 공고 2차 오픈) (*롯데웰푸드, 캐논코리아)"
49,[법무법인(유) 율촌] 회계팀 추천채용공고
48,[채용][SK하이닉스] 2024 상반기 신입사원 채용 (~3/29)
47,[채용][대원제약]2024 DNA 채용(상반기 공채)
46,[인턴][부스트랩]2024년 상반기 대규모 인턴 채용
45,[채용][한화오션] 2024년 상반기  신입사원 채용 (~3/24)
44,[채용][한국로봇산업진흥원]2024년 1차 신규직원 채용공고
43,[채용][ASML Korea] 2024 상반기 신입공채
42,[채용][코스맥스그룹]2024년 상반기 신입사원 공채
41,[채용][대한체육회]2024년도 상반기 정규직 신입직원 채용
40,[채용[한화솔루션 큐셀]2024 상반기 대졸 신입사원 모집
39,[채용][스튜디오프리즘] SBS예능본부 스튜디오프리즘 예능 제작프로듀서 재무 인력 채용(~3/27)
38,[채용][한국투자증권] 2024 상반기 업무직원 공채(신입사원 6급)
37,[채용][현대그룹] 2024년 상반기 현대그룹 신입 매니저 채용 (~3/26)
36,[채용][LG CNS] 2024년 HR(채용) 인턴 채용 (체험형) (~3.24)
35,[채용][한국수력원자력]2024년 제1차 대졸수준 신입사원 채용
34,"[채용][IBK기업은행]2024년 상반기 신입행원 채용공고 및 온/오프라인 채용설명회 안내 (~3/27, 14:00)"
33,[인턴][드림인사이트]2024 상반기 인턴채용(정규직 전환 가능)
32,[채용][삼성에스원]2024 상반기 3급 신입사원 채용
31,[채용][용마로지스]2024년 3월 각 부문별 신입 및 경력 채용
30,[채용][LS그룹]3월 신입/경력 수시 채용
29,[채용][해커스]교육그룹 연구/기획 부문 채용
28,[채용][CJ대한통운]24년 상반기 신입채용 공고
27,[채용][삼성디스플레이]2024년 상반기 3급 신입사원 채용 (3/18 까지)
26,[채용][넥센타이어]2024 상반기 신입 채용 (~3.17 23:30까지)
25,[채용][한화]2024 한화에너지계열 대졸신입 통합채용
24,[채용][HD현대] 2024 상반기 신입사원 채용
23,[채용][에코프로그룹] 2024 신입사원 공개 채용
22,[채용][신흥] 신입사원 채용 공고 및 추천 채용
21,"[채용][유라코퍼레이션] 세르비아법인 재무, 본사 재무담당자 채용 (신입/경력)"
20,[채용][관악구가족센터]2024 직원채용 공고(경영/가족사업/전문상담)
19,[채용][한화시스템] 2024 상반기 학/석사 신입사원 채용
18,[채용][라온시큐어] 2024년 라온 신입 공채 10기 채용공고
17,[채용][일화]2024년 신입 및 경력 채용 공고
16,[인턴][허드슨AI] 인턴 채용공고
15,[채용][포스코그룹] 2024 상반기 신입/경력 채용
14,[채용][롯데그룹] 3·6·9·12 예측가능한 롯데그룹 채용(3월 공고 오픈) (24/03/05~)
13,[채용][중구육아종합지원센터]3월 직원(운영요원) 채용 공고
12,[채용][프라임마스]2024 상반기 신입사원 채용
11,[채용][NAVER] 2024 팀네이버 신입 공채 (~3.18 월 오전 11시)
10,[채용][롯데케미칼 첨단소재사업] 2024 상반기 신입채용 일반전형 모집
9,[채용][LG화학] 2024년 3월 신입사원 모집 (~3.25까지)
8,[인턴][이코노믹데일리]2024년 이코노믹데일리 인턴·경력기자 채용
7,[채용][LG전자] 2024년 상반기 신입사원 채용 (~3.24까지)
6,[채용][HDC랩스] 2024년 AI엔지니어 부분 신입사원 공개채용
5,[인턴][[LX인터내셔널] 2024년 상반기 신입사원 채용(채용연계형 인턴십)(~3.24까지)
4,[채용][한화오션] 2024년 상반기 신입사원 채용 (~3/24)
3,"[인턴][현대카드|현대커머셜] 2024 Internship (~3/18, 10:00)"
2,[채용]{BGF로지스} 2024년 1분기 신입 및 경력사원 공개채용
1,[채용][현대모비스] 2024년 상반기 신입/경력채용
